,time,volume,open,close,high,low
0,2022-03-21 13:00:00+00:00,1,5.05,5.05,5.05,5.05
1,2022-03-21 13:01:00+00:00,517,5.04,5.04,5.04,5.04
2,2022-03-21 13:02:00+00:00,6,5.04,5.04,5.04,5.04
3,2022-03-21 13:03:00+00:00,133,5.04,5.04,5.04,5.04
4,2022-03-21 13:04:00+00:00,53,5.05,5.14,5.14,5.05
5,2022-03-21 13:05:00+00:00,752,5.14,5.18,5.18,5.07
6,2022-03-21 13:06:00+00:00,284,5.08,5.18,5.18,5.06
7,2022-03-21 13:07:00+00:00,55,5.08,5.1,5.1,5.08
8,2022-03-21 13:08:00+00:00,43,5.14,5.15,5.15,5.14
9,2022-03-21 13:09:00+00:00,17,5.1,5.1,5.15,5.1
10,2022-03-21 13:10:00+00:00,241,5.14,5.07,5.14,5.07
11,2022-03-21 13:12:00+00:00,5,5.06,5.06,5.06,5.06
12,2022-03-21 13:13:00+00:00,20,5.07,5.09,5.09,5.06
13,2022-03-21 13:15:00+00:00,1,5.09,5.09,5.09,5.09
14,2022-03-21 13:16:00+00:00,39,5.09,5.09,5.09,5.09
15,2022-03-21 13:17:00+00:00,7,5.09,5.09,5.09,5.09
16,2022-03-21 13:18:00+00:00,6,5.09,5.1,5.1,5.09
17,2022-03-21 13:19:00+00:00,19,5.1,5.1,5.1,5.1
18,2022-03-21 13:20:00+00:00,8,5.1,5.1,5.1,5.1
19,2022-03-21 13:23:00+00:00,20,5.11,5.11,5.11,5.11
20,2022-03-21 13:24:00+00:00,1,5.11,5.11,5.11,5.11
21,2022-03-21 13:25:00+00:00,277,5.1,5.1,5.11,5.1
22,2022-03-21 13:26:00+00:00,6,5.1,5.11,5.11,5.1
23,2022-03-21 13:27:00+00:00,423,4.92,5.1,5.1,4.92
24,2022-03-21 13:28:00+00:00,24,5.1,5.1,5.1,5.1
25,2022-03-21 13:29:00+00:00,102,5.1,5.11,5.11,5.1
26,2022-03-21 13:30:00+00:00,19000,5.0,5.03,5.1,4.99
27,2022-03-21 13:31:00+00:00,3198,5.04,4.96,5.04,4.93
28,2022-03-21 13:32:00+00:00,316,4.95,4.97,4.99,4.93
29,2022-03-21 13:33:00+00:00,4036,4.9399999999999995,4.95,4.97,4.93
30,2022-03-21 13:34:00+00:00,1001,4.95,4.9,4.95,4.9
31,2022-03-21 13:35:00+00:00,1144,4.93,4.86,4.93,4.86
32,2022-03-21 13:36:00+00:00,2170,4.86,4.88,4.89,4.86
33,2022-03-21 13:37:00+00:00,3520,4.88,4.87,4.89,4.86
34,2022-03-21 13:38:00+00:00,1991,4.86,4.91,4.91,4.86
35,2022-03-21 13:39:00+00:00,4473,4.92,4.95,4.96,4.92
36,2022-03-21 13:40:00+00:00,422,4.96,4.97,4.97,4.95
37,2022-03-21 13:41:00+00:00,1004,4.96,4.97,4.97,4.96
38,2022-03-21 13:42:00+00:00,202,4.96,4.97,4.97,4.96
39,2022-03-21 13:43:00+00:00,616,4.97,4.99,4.99,4.97
40,2022-03-21 13:44:00+00:00,2427,4.98,4.95,4.98,4.95
41,2022-03-21 13:45:00+00:00,2130,4.96,4.99,4.99,4.96
42,2022-03-21 13:46:00+00:00,1429,4.98,4.98,4.98,4.97
43,2022-03-21 13:47:00+00:00,1306,4.97,4.95,4.97,4.95
44,2022-03-21 13:48:00+00:00,1072,4.95,4.97,4.97,4.9399999999999995
45,2022-03-21 13:49:00+00:00,1653,4.97,4.99,4.99,4.97
46,2022-03-21 13:50:00+00:00,2542,4.99,5.01,5.01,4.99
47,2022-03-21 13:51:00+00:00,2003,5.0,4.99,5.0,4.98
48,2022-03-21 13:52:00+00:00,1619,4.99,4.99,5.0,4.99
49,2022-03-21 13:53:00+00:00,1937,4.99,4.98,4.99,4.98
50,2022-03-21 13:54:00+00:00,3166,4.98,4.98,4.99,4.98
51,2022-03-21 13:55:00+00:00,554,4.98,4.98,4.98,4.97
52,2022-03-21 13:56:00+00:00,880,4.98,4.99,4.99,4.98
53,2022-03-21 13:57:00+00:00,572,4.99,4.98,4.99,4.98
54,2022-03-21 13:58:00+00:00,160,4.97,4.96,4.97,4.96
55,2022-03-21 14:00:00+00:00,2135,4.96,4.96,4.96,4.96
56,2022-03-21 14:01:00+00:00,204,4.97,4.99,4.99,4.97
57,2022-03-21 14:02:00+00:00,1544,4.99,5.02,5.02,4.99
58,2022-03-21 14:03:00+00:00,1070,5.03,5.02,5.04,5.02
59,2022-03-21 14:06:00+00:00,2283,5.03,5.08,5.08,5.03
60,2022-03-21 14:07:00+00:00,1057,5.08,5.1,5.1,5.08
61,2022-03-21 14:08:00+00:00,3036,5.1,5.12,5.14,5.09
62,2022-03-21 14:09:00+00:00,3614,5.11,5.1,5.11,5.09
63,2022-03-21 14:10:00+00:00,1465,5.1,5.1,5.1,5.09
64,2022-03-21 14:11:00+00:00,1106,5.1,5.11,5.11,5.1
65,2022-03-21 14:12:00+00:00,1534,5.11,5.15,5.15,5.11
66,2022-03-21 14:13:00+00:00,112,5.16,5.16,5.16,5.16
67,2022-03-21 14:14:00+00:00,1928,5.16,5.14,5.16,5.14
68,2022-03-21 14:15:00+00:00,556,5.14,5.14,5.14,5.14
69,2022-03-21 14:16:00+00:00,2492,5.14,5.16,5.16,5.13
70,2022-03-21 14:17:00+00:00,1330,5.15,5.16,5.16,5.15
71,2022-03-21 14:18:00+00:00,764,5.16,5.16,5.16,5.15
72,2022-03-21 14:19:00+00:00,30,5.15,5.15,5.15,5.15
73,2022-03-21 14:20:00+00:00,275,5.15,5.15,5.15,5.15
74,2022-03-21 14:21:00+00:00,501,5.15,5.16,5.16,5.15
75,2022-03-21 14:22:00+00:00,4283,5.16,5.17,5.17,5.16
76,2022-03-21 14:23:00+00:00,1157,5.16,5.15,5.16,5.15
77,2022-03-21 14:24:00+00:00,609,5.15,5.16,5.16,5.15
78,2022-03-21 14:25:00+00:00,108,5.16,5.16,5.16,5.16
79,2022-03-21 14:26:00+00:00,1023,5.17,5.15,5.17,5.15
80,2022-03-21 14:29:00+00:00,1436,5.16,5.17,5.17,5.15
81,2022-03-21 14:30:00+00:00,2165,5.16,5.19,5.19,5.16
82,2022-03-21 14:31:00+00:00,1744,5.18,5.17,5.18,5.17
83,2022-03-21 14:32:00+00:00,4315,5.18,5.2,5.2,5.18
84,2022-03-21 14:33:00+00:00,1749,5.2,5.22,5.22,5.2
85,2022-03-21 14:34:00+00:00,270,5.23,5.22,5.23,5.22
86,2022-03-21 14:35:00+00:00,405,5.23,5.23,5.23,5.22
87,2022-03-21 14:36:00+00:00,3096,5.23,5.2,5.24,5.19
88,2022-03-21 14:37:00+00:00,755,5.2,5.21,5.22,5.2
89,2022-03-21 14:38:00+00:00,1,5.21,5.21,5.21,5.21
90,2022-03-21 14:39:00+00:00,2745,5.21,5.24,5.24,5.21
91,2022-03-21 14:40:00+00:00,8217,5.24,5.25,5.25,5.24
92,2022-03-21 14:41:00+00:00,365,5.26,5.25,5.26,5.25
93,2022-03-21 14:42:00+00:00,2889,5.25,5.26,5.26,5.25
94,2022-03-21 14:43:00+00:00,153,5.26,5.27,5.27,5.26
95,2022-03-21 14:44:00+00:00,1808,5.26,5.25,5.26,5.25
96,2022-03-21 14:45:00+00:00,839,5.26,5.28,5.28,5.26
97,2022-03-21 14:46:00+00:00,82,5.28,5.27,5.28,5.27
98,2022-03-21 14:47:00+00:00,449,5.28,5.27,5.28,5.27
99,2022-03-21 14:48:00+00:00,2476,5.27,5.27,5.27,5.27
100,2022-03-21 14:49:00+00:00,443,5.28,5.29,5.29,5.28
101,2022-03-21 14:50:00+00:00,412,5.28,5.27,5.28,5.27
102,2022-03-21 14:51:00+00:00,3091,5.27,5.27,5.27,5.27
103,2022-03-21 14:52:00+00:00,3968,5.27,5.29,5.29,5.27
104,2022-03-21 14:53:00+00:00,59,5.29,5.29,5.3,5.29
105,2022-03-21 14:54:00+00:00,6,5.3,5.29,5.3,5.29
106,2022-03-21 14:55:00+00:00,6071,5.3,5.31,5.32,5.3
107,2022-03-21 14:56:00+00:00,56,5.31,5.32,5.32,5.31
108,2022-03-21 14:57:00+00:00,423,5.32,5.32,5.32,5.31
109,2022-03-21 14:58:00+00:00,33,5.32,5.33,5.33,5.32
110,2022-03-21 14:59:00+00:00,2758,5.33,5.33,5.34,5.33
111,2022-03-21 15:00:00+00:00,1632,5.33,5.29,5.33,5.29
112,2022-03-21 15:01:00+00:00,1293,5.29,5.29,5.3,5.29
113,2022-03-21 15:02:00+00:00,39,5.29,5.29,5.29,5.29
114,2022-03-21 15:03:00+00:00,3859,5.29,5.31,5.31,5.29
115,2022-03-21 15:04:00+00:00,570,5.31,5.31,5.31,5.31
116,2022-03-21 15:05:00+00:00,1347,5.3,5.32,5.33,5.3
117,2022-03-21 15:06:00+00:00,152,5.32,5.31,5.33,5.31
118,2022-03-21 15:07:00+00:00,1382,5.31,5.3,5.31,5.29
119,2022-03-21 15:08:00+00:00,1062,5.29,5.29,5.29,5.28
120,2022-03-21 15:09:00+00:00,12,5.29,5.3,5.3,5.29
121,2022-03-21 15:10:00+00:00,104,5.3,5.3,5.3,5.3
122,2022-03-21 15:11:00+00:00,12,5.29,5.29,5.29,5.29
123,2022-03-21 15:12:00+00:00,6718,5.3,5.29,5.31,5.29
124,2022-03-21 15:13:00+00:00,940,5.28,5.29,5.29,5.28
125,2022-03-21 15:15:00+00:00,2444,5.29,5.34,5.34,5.29
126,2022-03-21 15:16:00+00:00,1493,5.35,5.35,5.36,5.35
127,2022-03-21 15:17:00+00:00,60,5.36,5.35,5.36,5.35
128,2022-03-21 15:18:00+00:00,2993,5.36,5.38,5.38,5.36
129,2022-03-21 15:19:00+00:00,3951,5.38,5.39,5.42,5.38
130,2022-03-21 15:20:00+00:00,1836,5.4,5.37,5.4,5.37
131,2022-03-21 15:22:00+00:00,3380,5.37,5.37,5.38,5.36
132,2022-03-21 15:23:00+00:00,3496,5.37,5.41,5.41,5.37
133,2022-03-21 15:24:00+00:00,308,5.41,5.42,5.42,5.41
134,2022-03-21 15:25:00+00:00,6896,5.41,5.45,5.46,5.41
135,2022-03-21 15:26:00+00:00,1710,5.45,5.46,5.46,5.45
136,2022-03-21 15:27:00+00:00,702,5.46,5.45,5.46,5.45
137,2022-03-21 15:28:00+00:00,84,5.46,5.45,5.46,5.45
138,2022-03-21 15:29:00+00:00,2313,5.45,5.45,5.45,5.45
139,2022-03-21 15:30:00+00:00,2316,5.44,5.4,5.44,5.4
140,2022-03-21 15:31:00+00:00,2984,5.41,5.43,5.43,5.41
141,2022-03-21 15:32:00+00:00,104,5.43,5.43,5.43,5.43
142,2022-03-21 15:33:00+00:00,1349,5.43,5.44,5.45,5.43
143,2022-03-21 15:34:00+00:00,4169,5.45,5.47,5.48,5.45
144,2022-03-21 15:35:00+00:00,1253,5.47,5.48,5.48,5.47
145,2022-03-21 15:36:00+00:00,2026,5.48,5.48,5.48,5.47
146,2022-03-21 15:37:00+00:00,3703,5.49,5.49,5.5,5.48
147,2022-03-21 15:38:00+00:00,2057,5.49,5.49,5.5,5.48
148,2022-03-21 15:39:00+00:00,1287,5.49,5.5,5.5,5.48
149,2022-03-21 15:40:00+00:00,759,5.5,5.5,5.5,5.48
150,2022-03-21 15:41:00+00:00,640,5.5,5.48,5.5,5.48
151,2022-03-21 15:42:00+00:00,2227,5.48,5.46,5.48,5.46
152,2022-03-21 15:43:00+00:00,3947,5.46,5.5,5.5,5.46
153,2022-03-21 15:44:00+00:00,825,5.5,5.5,5.52,5.5
154,2022-03-21 15:45:00+00:00,1585,5.51,5.52,5.52,5.51
155,2022-03-21 15:46:00+00:00,2203,5.51,5.5,5.52,5.5
156,2022-03-21 15:47:00+00:00,8,5.51,5.5,5.51,5.5
157,2022-03-21 15:48:00+00:00,217,5.5,5.5,5.5,5.5
158,2022-03-21 15:49:00+00:00,51,5.51,5.51,5.51,5.5
159,2022-03-21 15:50:00+00:00,1091,5.5,5.52,5.52,5.5
160,2022-03-21 15:51:00+00:00,24,5.52,5.52,5.52,5.52
161,2022-03-21 15:52:00+00:00,158,5.52,5.52,5.52,5.51
162,2022-03-21 15:53:00+00:00,938,5.51,5.52,5.53,5.51
163,2022-03-21 15:54:00+00:00,436,5.52,5.52,5.52,5.51
164,2022-03-21 15:55:00+00:00,3995,5.51,5.52,5.52,5.51
165,2022-03-21 15:56:00+00:00,110,5.52,5.52,5.52,5.52
166,2022-03-21 15:57:00+00:00,336,5.53,5.53,5.53,5.52
167,2022-03-21 15:58:00+00:00,1489,5.52,5.53,5.54,5.52
168,2022-03-21 15:59:00+00:00,861,5.53,5.53,5.54,5.53
169,2022-03-21 16:00:00+00:00,3818,5.54,5.54,5.5600000000000005,5.54
170,2022-03-21 16:01:00+00:00,1449,5.54,5.53,5.55,5.53
171,2022-03-21 16:02:00+00:00,1089,5.53,5.52,5.53,5.52
172,2022-03-21 16:03:00+00:00,8,5.51,5.51,5.51,5.51
173,2022-03-21 16:04:00+00:00,1384,5.51,5.52,5.52,5.51
174,2022-03-21 16:05:00+00:00,283,5.51,5.51,5.52,5.51
175,2022-03-21 16:06:00+00:00,3906,5.51,5.5,5.52,5.5
176,2022-03-21 16:07:00+00:00,448,5.49,5.5,5.5,5.49
177,2022-03-21 16:08:00+00:00,3091,5.5,5.5,5.51,5.49
178,2022-03-21 16:09:00+00:00,450,5.5,5.5,5.5,5.5
179,2022-03-21 16:10:00+00:00,13,5.51,5.5,5.51,5.5
180,2022-03-21 16:11:00+00:00,54,5.5,5.5,5.51,5.5
181,2022-03-21 16:12:00+00:00,15,5.51,5.5,5.51,5.5
182,2022-03-21 16:13:00+00:00,169,5.5,5.49,5.51,5.49
183,2022-03-21 16:14:00+00:00,9303,5.5,5.52,5.52,5.5
184,2022-03-21 16:15:00+00:00,342,5.52,5.53,5.53,5.52
185,2022-03-21 16:16:00+00:00,2333,5.53,5.54,5.54,5.52
186,2022-03-21 16:17:00+00:00,505,5.54,5.54,5.54,5.54
187,2022-03-21 16:18:00+00:00,46,5.53,5.54,5.54,5.53
188,2022-03-21 16:19:00+00:00,23,5.53,5.53,5.53,5.53
189,2022-03-21 16:20:00+00:00,198,5.53,5.54,5.54,5.53
190,2022-03-21 16:21:00+00:00,4263,5.54,5.5600000000000005,5.57,5.54
191,2022-03-21 16:22:00+00:00,35,5.57,5.5600000000000005,5.57,5.5600000000000005
192,2022-03-21 16:23:00+00:00,332,5.57,5.5600000000000005,5.57,5.5600000000000005
193,2022-03-21 16:24:00+00:00,2165,5.5600000000000005,5.58,5.58,5.55
194,2022-03-21 16:25:00+00:00,2484,5.57,5.59,5.59,5.57
195,2022-03-21 16:26:00+00:00,2240,5.6,5.59,5.6,5.58
196,2022-03-21 16:27:00+00:00,1622,5.58,5.57,5.59,5.57
197,2022-03-21 16:28:00+00:00,3652,5.58,5.6,5.6,5.58
198,2022-03-21 16:29:00+00:00,2611,5.6,5.61,5.61,5.6
199,2022-03-21 16:30:00+00:00,1220,5.61,5.59,5.61,5.59
200,2022-03-21 16:31:00+00:00,3476,5.59,5.57,5.59,5.57
201,2022-03-21 16:32:00+00:00,1554,5.57,5.55,5.57,5.55
202,2022-03-21 16:33:00+00:00,1470,5.54,5.53,5.54,5.53
203,2022-03-21 16:34:00+00:00,3624,5.53,5.54,5.54,5.51
204,2022-03-21 16:35:00+00:00,2957,5.55,5.57,5.58,5.55
205,2022-03-21 16:36:00+00:00,1773,5.58,5.55,5.58,5.55
206,2022-03-21 16:37:00+00:00,1424,5.55,5.54,5.55,5.54
207,2022-03-21 16:38:00+00:00,27,5.55,5.54,5.55,5.54
208,2022-03-21 16:39:00+00:00,1384,5.55,5.5600000000000005,5.5600000000000005,5.55
209,2022-03-21 16:40:00+00:00,2692,5.5600000000000005,5.57,5.58,5.5600000000000005
210,2022-03-21 16:41:00+00:00,3091,5.58,5.58,5.58,5.57
211,2022-03-21 16:42:00+00:00,1417,5.57,5.59,5.59,5.57
212,2022-03-21 16:43:00+00:00,1970,5.58,5.57,5.58,5.57
213,2022-03-21 16:44:00+00:00,235,5.57,5.5600000000000005,5.57,5.5600000000000005
214,2022-03-21 16:45:00+00:00,84,5.5600000000000005,5.5600000000000005,5.57,5.5600000000000005
215,2022-03-21 16:47:00+00:00,62,5.5600000000000005,5.5600000000000005,5.5600000000000005,5.5600000000000005
216,2022-03-21 16:48:00+00:00,4786,5.5600000000000005,5.6,5.6,5.5600000000000005
217,2022-03-21 16:49:00+00:00,1078,5.6,5.61,5.61,5.6
218,2022-03-21 16:50:00+00:00,97,5.61,5.6,5.61,5.6
219,2022-03-21 16:51:00+00:00,791,5.6,5.59,5.6,5.59
220,2022-03-21 16:52:00+00:00,1156,5.58,5.58,5.58,5.54
221,2022-03-21 16:53:00+00:00,898,5.57,5.58,5.58,5.57
222,2022-03-21 16:54:00+00:00,400,5.58,5.58,5.58,5.58
223,2022-03-21 16:55:00+00:00,2869,5.57,5.57,5.58,5.57
224,2022-03-21 16:56:00+00:00,3198,5.57,5.57,5.57,5.5600000000000005
225,2022-03-21 16:57:00+00:00,1247,5.5600000000000005,5.54,5.5600000000000005,5.54
226,2022-03-21 16:58:00+00:00,309,5.54,5.52,5.54,5.52
227,2022-03-21 16:59:00+00:00,2957,5.52,5.49,5.52,5.49
228,2022-03-21 17:00:00+00:00,1558,5.49,5.5,5.5,5.49
229,2022-03-21 17:01:00+00:00,1593,5.5,5.49,5.5,5.49
230,2022-03-21 17:02:00+00:00,1172,5.5,5.49,5.5,5.49
231,2022-03-21 17:03:00+00:00,60,5.49,5.49,5.49,5.49
232,2022-03-21 17:04:00+00:00,2545,5.5,5.48,5.5,5.48
233,2022-03-21 17:05:00+00:00,2507,5.48,5.5,5.5,5.48
234,2022-03-21 17:06:00+00:00,189,5.5,5.5,5.5,5.5
235,2022-03-21 17:07:00+00:00,8,5.5,5.5,5.5,5.5
236,2022-03-21 17:08:00+00:00,6448,5.51,5.52,5.52,5.5
237,2022-03-21 17:09:00+00:00,1290,5.52,5.52,5.52,5.51
238,2022-03-21 17:10:00+00:00,3452,5.52,5.53,5.54,5.51
239,2022-03-21 17:11:00+00:00,3289,5.54,5.52,5.54,5.52
240,2022-03-21 17:12:00+00:00,533,5.52,5.52,5.52,5.52
241,2022-03-21 17:13:00+00:00,528,5.51,5.52,5.52,5.51
242,2022-03-21 17:14:00+00:00,176,5.52,5.52,5.52,5.51
243,2022-03-21 17:15:00+00:00,20,5.51,5.51,5.51,5.51
244,2022-03-21 17:16:00+00:00,1368,5.52,5.52,5.52,5.51
245,2022-03-21 17:17:00+00:00,51,5.52,5.52,5.52,5.52
246,2022-03-21 17:18:00+00:00,622,5.52,5.51,5.52,5.51
247,2022-03-21 17:19:00+00:00,61,5.51,5.52,5.52,5.51
248,2022-03-21 17:20:00+00:00,220,5.51,5.51,5.52,5.51
249,2022-03-21 17:21:00+00:00,1798,5.51,5.51,5.51,5.5
250,2022-03-21 17:22:00+00:00,555,5.51,5.5,5.51,5.5
251,2022-03-21 17:23:00+00:00,200,5.5,5.5,5.5,5.5
252,2022-03-21 17:24:00+00:00,2750,5.51,5.51,5.52,5.51
253,2022-03-21 17:25:00+00:00,3435,5.51,5.52,5.53,5.51
254,2022-03-21 17:26:00+00:00,3044,5.52,5.52,5.52,5.52
255,2022-03-21 17:29:00+00:00,3761,5.52,5.51,5.52,5.51
256,2022-03-21 17:30:00+00:00,260,5.5,5.5,5.51,5.5
257,2022-03-21 17:31:00+00:00,83,5.51,5.51,5.51,5.5
258,2022-03-21 17:32:00+00:00,41,5.51,5.5,5.51,5.5
259,2022-03-21 17:33:00+00:00,304,5.5,5.51,5.51,5.5
260,2022-03-21 17:34:00+00:00,857,5.51,5.51,5.51,5.51
261,2022-03-21 17:35:00+00:00,808,5.52,5.51,5.52,5.51
262,2022-03-21 17:36:00+00:00,206,5.5,5.51,5.51,5.5
263,2022-03-21 17:37:00+00:00,5790,5.5,5.51,5.51,5.5
264,2022-03-21 17:38:00+00:00,675,5.51,5.51,5.51,5.51
265,2022-03-21 17:39:00+00:00,1437,5.52,5.51,5.52,5.51
266,2022-03-21 17:40:00+00:00,296,5.52,5.51,5.52,5.51
267,2022-03-21 17:41:00+00:00,38,5.5,5.5,5.51,5.5
268,2022-03-21 17:42:00+00:00,1,5.5,5.5,5.5,5.5
269,2022-03-21 17:43:00+00:00,1846,5.5,5.48,5.5,5.48
270,2022-03-21 17:44:00+00:00,109,5.48,5.48,5.48,5.48
271,2022-03-21 17:45:00+00:00,1085,5.48,5.47,5.48,5.47
272,2022-03-21 17:46:00+00:00,61,5.46,5.47,5.47,5.46
273,2022-03-21 17:47:00+00:00,1265,5.46,5.46,5.46,5.46
274,2022-03-21 17:48:00+00:00,1797,5.46,5.46,5.46,5.45
275,2022-03-21 17:49:00+00:00,857,5.47,5.46,5.47,5.46
276,2022-03-21 17:50:00+00:00,3,5.46,5.46,5.46,5.46
277,2022-03-21 17:51:00+00:00,32,5.47,5.46,5.47,5.46
278,2022-03-21 17:52:00+00:00,3020,5.46,5.48,5.48,5.46
279,2022-03-21 17:53:00+00:00,543,5.49,5.48,5.5,5.48
280,2022-03-21 17:55:00+00:00,547,5.48,5.48,5.49,5.48
281,2022-03-21 17:56:00+00:00,100,5.48,5.48,5.48,5.48
282,2022-03-21 18:00:00+00:00,1113,5.48,5.47,5.48,5.47
283,2022-03-21 18:01:00+00:00,1280,5.47,5.47,5.48,5.46
284,2022-03-21 18:02:00+00:00,5,5.48,5.48,5.48,5.48
285,2022-03-21 18:03:00+00:00,508,5.48,5.48,5.48,5.47
286,2022-03-21 18:04:00+00:00,20,5.48,5.48,5.48,5.48
287,2022-03-21 18:05:00+00:00,630,5.48,5.48,5.48,5.47
288,2022-03-21 18:06:00+00:00,1582,5.48,5.48,5.48,5.47
289,2022-03-21 18:07:00+00:00,853,5.49,5.5,5.5,5.48
290,2022-03-21 18:09:00+00:00,15,5.5,5.5,5.5,5.5
291,2022-03-21 18:10:00+00:00,4034,5.5,5.49,5.5,5.49
292,2022-03-21 18:11:00+00:00,109,5.49,5.49,5.49,5.49
293,2022-03-21 18:12:00+00:00,500,5.48,5.48,5.48,5.48
294,2022-03-21 18:14:00+00:00,233,5.48,5.47,5.48,5.47
295,2022-03-21 18:16:00+00:00,30,5.46,5.46,5.46,5.46
296,2022-03-21 18:17:00+00:00,10,5.46,5.47,5.47,5.46
297,2022-03-21 18:18:00+00:00,903,5.47,5.46,5.47,5.46
298,2022-03-21 18:19:00+00:00,1115,5.45,5.46,5.46,5.45
299,2022-03-21 18:20:00+00:00,1924,5.47,5.49,5.49,5.47
300,2022-03-21 18:21:00+00:00,476,5.49,5.5,5.5,5.49
301,2022-03-21 18:22:00+00:00,1252,5.49,5.49,5.5,5.49
302,2022-03-21 18:23:00+00:00,10,5.48,5.48,5.48,5.48
303,2022-03-21 18:24:00+00:00,204,5.49,5.49,5.49,5.49
304,2022-03-21 18:27:00+00:00,430,5.49,5.5,5.5,5.49
305,2022-03-21 18:28:00+00:00,13,5.49,5.5,5.5,5.49
306,2022-03-21 18:29:00+00:00,41,5.49,5.5,5.5,5.49
307,2022-03-21 18:30:00+00:00,120,5.5,5.5,5.5,5.5
308,2022-03-21 18:31:00+00:00,925,5.49,5.49,5.49,5.49
309,2022-03-21 18:32:00+00:00,937,5.48,5.47,5.48,5.47
310,2022-03-21 18:33:00+00:00,2509,5.47,5.5,5.5,5.47
311,2022-03-21 18:34:00+00:00,503,5.5,5.5,5.5,5.5
312,2022-03-21 18:35:00+00:00,1704,5.5,5.51,5.51,5.5
313,2022-03-21 18:36:00+00:00,559,5.52,5.52,5.52,5.51
314,2022-03-21 18:38:00+00:00,1,5.51,5.51,5.51,5.51
315,2022-03-21 18:39:00+00:00,48,5.52,5.52,5.52,5.52
316,2022-03-21 18:40:00+00:00,646,5.51,5.5,5.51,5.5
317,2022-03-21 18:41:00+00:00,3,5.5,5.49,5.5,5.49
318,2022-03-21 18:42:00+00:00,209,5.49,5.49,5.49,5.49
319,2022-03-21 18:43:00+00:00,11,5.48,5.48,5.48,5.48
320,2022-03-21 18:44:00+00:00,1908,5.48,5.49,5.49,5.48
321,2022-03-21 18:46:00+00:00,1620,5.5,5.51,5.51,5.5
322,2022-03-21 18:47:00+00:00,244,5.51,5.52,5.52,5.51
323,2022-03-21 18:48:00+00:00,172,5.52,5.52,5.52,5.51
324,2022-03-21 18:49:00+00:00,1354,5.51,5.48,5.51,5.48
325,2022-03-21 18:50:00+00:00,35,5.48,5.49,5.49,5.48
326,2022-03-21 18:51:00+00:00,205,5.48,5.48,5.48,5.48
327,2022-03-21 18:52:00+00:00,121,5.48,5.48,5.48,5.48
328,2022-03-21 18:53:00+00:00,31,5.47,5.48,5.48,5.47
329,2022-03-21 18:54:00+00:00,2,5.48,5.48,5.48,5.48
330,2022-03-21 18:55:00+00:00,1067,5.48,5.46,5.48,5.46
331,2022-03-21 18:56:00+00:00,4150,5.47,5.5,5.5,5.46
332,2022-03-21 18:57:00+00:00,1172,5.49,5.47,5.49,5.47
333,2022-03-21 18:58:00+00:00,2624,5.47,5.47,5.47,5.46
334,2022-03-21 18:59:00+00:00,20,5.47,5.47,5.47,5.47
335,2022-03-21 19:00:00+00:00,663,5.47,5.47,5.47,5.47
336,2022-03-21 19:01:00+00:00,1114,5.48,5.48,5.48,5.48
337,2022-03-21 19:02:00+00:00,312,5.48,5.48,5.48,5.48
338,2022-03-21 19:03:00+00:00,607,5.48,5.47,5.48,5.47
339,2022-03-21 19:04:00+00:00,2039,5.47,5.47,5.47,5.45
340,2022-03-21 19:05:00+00:00,61,5.47,5.47,5.48,5.47
341,2022-03-21 19:07:00+00:00,504,5.48,5.48,5.48,5.48
342,2022-03-21 19:08:00+00:00,449,5.48,5.48,5.48,5.48
343,2022-03-21 19:09:00+00:00,100,5.48,5.48,5.48,5.48
344,2022-03-21 19:10:00+00:00,3068,5.48,5.5,5.5,5.48
345,2022-03-21 19:11:00+00:00,213,5.49,5.51,5.51,5.49
346,2022-03-21 19:12:00+00:00,4117,5.5,5.51,5.52,5.5
347,2022-03-21 19:13:00+00:00,408,5.52,5.52,5.52,5.51
348,2022-03-21 19:14:00+00:00,2576,5.52,5.5,5.52,5.5
349,2022-03-21 19:15:00+00:00,421,5.5,5.52,5.52,5.5
350,2022-03-21 19:16:00+00:00,589,5.51,5.51,5.52,5.51
351,2022-03-21 19:17:00+00:00,11,5.5,5.51,5.51,5.5
352,2022-03-21 19:18:00+00:00,1346,5.5,5.51,5.51,5.5
353,2022-03-21 19:19:00+00:00,1685,5.51,5.52,5.52,5.51
354,2022-03-21 19:20:00+00:00,1560,5.51,5.51,5.51,5.51
355,2022-03-21 19:21:00+00:00,252,5.52,5.52,5.52,5.52
356,2022-03-21 19:22:00+00:00,86,5.52,5.51,5.52,5.51
357,2022-03-21 19:23:00+00:00,46,5.51,5.52,5.52,5.51
358,2022-03-21 19:24:00+00:00,177,5.52,5.52,5.52,5.51
359,2022-03-21 19:25:00+00:00,49,5.51,5.51,5.52,5.51
360,2022-03-21 19:26:00+00:00,105,5.52,5.52,5.52,5.52
361,2022-03-21 19:27:00+00:00,6339,5.52,5.53,5.54,5.52
362,2022-03-21 19:28:00+00:00,1,5.53,5.53,5.53,5.53
363,2022-03-21 19:29:00+00:00,206,5.53,5.53,5.53,5.52
364,2022-03-21 19:30:00+00:00,262,5.52,5.52,5.52,5.52
365,2022-03-21 19:31:00+00:00,1210,5.52,5.54,5.54,5.52
366,2022-03-21 19:32:00+00:00,539,5.54,5.54,5.54,5.53
367,2022-03-21 19:33:00+00:00,1285,5.53,5.54,5.54,5.53
368,2022-03-21 19:34:00+00:00,150,5.54,5.54,5.54,5.54
369,2022-03-21 19:35:00+00:00,2247,5.54,5.54,5.54,5.53
370,2022-03-21 19:36:00+00:00,90,5.54,5.54,5.54,5.54
371,2022-03-21 19:37:00+00:00,816,5.54,5.53,5.54,5.53
372,2022-03-21 19:38:00+00:00,10,5.54,5.54,5.54,5.54
373,2022-03-21 19:39:00+00:00,2219,5.54,5.52,5.54,5.52
374,2022-03-21 19:40:00+00:00,2804,5.52,5.52,5.52,5.52
375,2022-03-21 19:41:00+00:00,1734,5.52,5.52,5.53,5.52
376,2022-03-21 19:42:00+00:00,8,5.52,5.52,5.52,5.52
377,2022-03-21 19:43:00+00:00,434,5.52,5.52,5.52,5.52
378,2022-03-21 19:44:00+00:00,3758,5.52,5.52,5.52,5.52
379,2022-03-21 19:45:00+00:00,116,5.52,5.51,5.52,5.51
380,2022-03-21 19:46:00+00:00,2197,5.52,5.52,5.52,5.51
381,2022-03-21 19:47:00+00:00,615,5.53,5.52,5.53,5.52
382,2022-03-21 19:48:00+00:00,5562,5.52,5.5,5.52,5.5
383,2022-03-21 19:49:00+00:00,2621,5.5,5.5,5.51,5.5
384,2022-03-21 19:50:00+00:00,5037,5.5,5.51,5.51,5.5
385,2022-03-21 19:51:00+00:00,2642,5.51,5.52,5.52,5.51
386,2022-03-21 19:52:00+00:00,1542,5.52,5.52,5.52,5.52
387,2022-03-21 19:53:00+00:00,2915,5.52,5.52,5.52,5.52
388,2022-03-21 19:54:00+00:00,5666,5.52,5.54,5.54,5.52
389,2022-03-21 19:55:00+00:00,435,5.54,5.54,5.54,5.53
390,2022-03-21 19:56:00+00:00,1315,5.53,5.54,5.54,5.53
391,2022-03-21 19:57:00+00:00,11642,5.54,5.54,5.54,5.53
392,2022-03-21 19:58:00+00:00,4249,5.54,5.54,5.54,5.53
393,2022-03-21 19:59:00+00:00,13857,5.54,5.55,5.55,5.53
